scenario,label,text,parameter,value,repetition,metric,seconds,count
throughput,workers=1,a-scandal-in-bohemia.txt,analyses,32,0,makespan_seconds,16.512137084035203,32
throughput,workers=1,a-scandal-in-bohemia.txt,analyses,32,0,throughput_per_minute,,116
throughput,workers=1,a-scandal-in-bohemia.txt,analyses,32,0,latency_p50_seconds,7.924477999999999,
throughput,workers=1,a-scandal-in-bohemia.txt,analyses,32,0,latency_p95_seconds,15.37696505,
throughput,workers=1,a-scandal-in-bohemia.txt,analyses,32,0,queue_wait_mean_seconds,7.61119128125,
throughput,workers=1,a-scandal-in-bohemia.txt,analyses,32,0,processing_mean_seconds,0.38072665625,
throughput,workers=2,a-scandal-in-bohemia.txt,analyses,32,0,makespan_seconds,10.657285084016621,32
throughput,workers=2,a-scandal-in-bohemia.txt,analyses,32,0,throughput_per_minute,,180
throughput,workers=2,a-scandal-in-bohemia.txt,analyses,32,0,latency_p50_seconds,4.6000115,
throughput,workers=2,a-scandal-in-bohemia.txt,analyses,32,0,latency_p95_seconds,9.10419315,
throughput,workers=2,a-scandal-in-bohemia.txt,analyses,32,0,queue_wait_mean_seconds,4.25898184375,
throughput,workers=2,a-scandal-in-bohemia.txt,analyses,32,0,processing_mean_seconds,0.42638821875,
throughput,workers=4,a-scandal-in-bohemia.txt,analyses,32,0,makespan_seconds,7.004887250019237,32
throughput,workers=4,a-scandal-in-bohemia.txt,analyses,32,0,throughput_per_minute,,274
throughput,workers=4,a-scandal-in-bohemia.txt,analyses,32,0,latency_p50_seconds,2.8499355,
throughput,workers=4,a-scandal-in-bohemia.txt,analyses,32,0,latency_p95_seconds,5.49346795,
throughput,workers=4,a-scandal-in-bohemia.txt,analyses,32,0,queue_wait_mean_seconds,2.4002511875,
throughput,workers=4,a-scandal-in-bohemia.txt,analyses,32,0,processing_mean_seconds,0.4972681875,
